"","variable","pValue"
"1","edu",0.0371278472587852
"2","casp",0.0189206611135807
"3","tunel",0.143797966152571
