"","variable","pValue"
"1","edu",0.000638692956998774
"2","casp",0.0382976286923188
"3","tunel",0.00827284608768222
