"","variable","pValue"
"1","eduArea",0.00148643549365822
"2","caspArea",0.0271524446235161
"3","tunelArea",0.0975307715914529
