"","variable","pValue"
"1","edu",0.00503239665369393
"2","casp",0.00244522177625549
"3","tunel",0.0442755207014282
