"","variable","pValue"
"1","eduArea",0.00039464847607599
"2","caspArea",0.000291971953694031
"3","tunelArea",0.00508333053306425
