"","variable","pValue"
"1","edu",0.00151900960648915
"2","casp",0.0504649272752092
"3","tunel",0.0543246527167929
