"","variable","pValue"
"1","edu",0.00126759200430204
"2","casp",0.0168178280087819
"3","tunel",0.198627882044119
