"","variable","pValue"
"1","edu",0.0214365075543267
"2","casp",0.160130657996189
"3","tunel",0.334666239797151
