"","mouse","treatment","genotype","count","area","areaSE","perimeter","perimeterSE","casp","caspSE","edu","eduSE","tunel","tunelSE"
"1","AY10","NOUV","""Villin-CRE BELMO""^{
    WT/WT
}",70,55403.7428571429,4597.66640378925,1186.58377142857,65.9169429742715,0.345686743458571,0.0643610054775619,0.427818913002286,0.0243916405998919,0.124598773105714,0.0170820053555001
"2","AY10","UV","""Villin-CRE BELMO""^{
    WT/WT
}",49,50332.5510204082,5756.34494840416,1129.8253877551,79.1178676674162,1.35412638216918,0.123996385149098,0.110384022810204,0.00738400576540281,0.116957510540816,0.0089795812853045
"3","AY11","NOUV","""Villin-CRE BELMO""^{
    WT/Tg
}",29,56091.5862068966,8163.5959888553,1185.81662068966,110.069305365646,0.192961172849793,0.0387593303203582,0.915093056410345,0.0981659363200676,0.0446886340231379,0.00553759252537248
"4","AY11","UV","""Villin-CRE BELMO""^{
    WT/Tg
}",42,66146.3333333333,8571.65275904713,1343.19295238095,121.312921393088,1.36301290009286,0.100243286109496,0.186486385877619,0.0126183881789095,0.147910929009048,0.0268949523668009
"5","BF5","NOUV","""Villin-CRE BELMO""^{
    WT/Tg
}",47,33863.3829787234,5400.67721432365,1008.76570212766,95.5684407612641,1.20849155039149,0.176439009685375,1.11586539263404,0.111189949382027,0.0538198469876596,0.006160590774762
"6","BF5","UV","""Villin-CRE BELMO""^{
    WT/Tg
}",98,56895.9285714286,4385.19064856339,1291.09551020408,67.8203312673848,1.18865040467449,0.0933467240524117,0.56931943036898,0.0752066524955543,0.0744917551235714,0.00450028492606718
"7","BF6","NOUV","""Villin-CRE BELMO""^{
    WT/WT
}",55,43535.7454545455,7223.33344283715,1103.83923636364,116.486434234538,0.470885677400927,0.0946277973651727,0.650257787009818,0.0811161546393898,0.0643108724371273,0.00679471405848073
"8","BF6","UV","""Villin-CRE BELMO""^{
    WT/WT
}",106,54900.0471698113,5356.65039772495,1266.51335849057,85.1510934626969,0.577591962290481,0.0572160158972103,0.374501213776415,0.0505176186306821,0.0645919937335566,0.0054431019951367
