"","label","area","perimeter","casp","edu","tunel","count"
"1","genotype",0.361528430288099,0.318130582338312,0.0727641701738595,0.538243698460195,0.804235276630721,0.665448580501907
"2","treatment",0.0302544813732961,0.0169146244558148,0.00251515290036734,0.00283781068797165,0.146325657226519,0.299182556613281
"3","interaction",0.378444948771707,0.216385124899419,0.577692791518188,0.529368350797906,0.1546184690077,0.98353304577222
