"","variable","pValue"
"1","eduArea",0.00510661934171336
"2","caspArea",0.021834104009177
"3","tunelArea",0.06106076676231
