"","variable","pValue"
"1","edu",0.00506012999073508
"2","casp",0.00210853210642972
"3","tunel",0.120357502143792
