"","variable","pValue"
"1","edu",0.00962794934913456
"2","casp",0.0260846435408056
"3","tunel",0.067356003728572
